code,,
bb4f799e-e987-4700-b05f-ea915ffbae73,,
fb099c9f-e39b-4967-a3f9-1f6776928568,,
66c2fe73-dec8-418e-9f3f-75294d246967,,
f0bf8543-d9c6-4b0d-97e9-bf6e3462927b,,
19dadb2a-aa74-47d3-adad-e36cf2d9acfd,,
3236af4c-9ab0-429c-9139-70375204df47,,
635393a4-17ca-4661-8894-d3e45f369441,,
419dfef9-c93d-450b-b8af-2838e5588454,,
9bfb4735-5734-4075-897f-382412bda7c8,,
6ca71d5f-6a89-4e0c-a9b8-fbc04a176c1d,,
503574b5-9361-4773-8b3b-860a74cf4ef9,,
e07b3b0e-3523-4c42-bf24-544f54547d7f,,
27496683-2c41-4819-81f8-f908f8acc20a,,
1abd3b05-d987-404f-9c3e-8bbad9222b3f,,
0477088d-1960-401e-954f-478ffc8bd4db,,
2ce3209f-8317-432d-bd4f-7eddd62674c5,,
58cc6f42-8b9b-458e-a25c-f4b60d263e13,,
62da4414-7777-4e03-b9c0-7d5162bc2655,,
20a3822f-5bfa-4e8e-8cbe-e0cfc5db24da,,
93378034-2c3c-42f3-95ce-f4feabcf67cd,,
2b853545-7e4e-4005-91d0-526b88e8a385,,
07260185-aeb1-4e3c-b50e-0120465c819b,,
798a5261-1e2c-4f51-898a-ed449efb3c58,,
caec89ee-ce73-427f-ab7e-6e91b17ca385,,
6dca10be-ecb1-44c3-8c51-29003686935c,,
9f07defb-d7c2-4ea1-b190-aa50eca1396d,,
755bdc53-85fb-4cca-a2fe-ffd4bb0bfcf6,,
45a032c7-d543-49b3-b49c-8e654585af13,,
56c46948-3739-47ec-bc10-9e802aa9c9ab,,
8c0bee98-692d-4474-b491-ab8e3879f213,,
3d251e25-f93e-4cec-b3c6-c84dfad144b1,,
4f9442f2-2402-429c-98a3-283ee5740702,,
4cf2cd42-09c9-4609-b056-9e4510178d89,,
8d236000-0942-47d9-9085-654d09aedfd6,,
2795f3e2-cdb6-4f3c-b1e4-248689efb6a9,,